deni_ref,school_name,school_type,integrated,irish_medium_school,assembly_area,district_council,year_8,year_9,year_10,year_11,year_12,year_13,year_14
1210014,"Ashfield Girls' High School, Belfast",Secondary,No,No,Belfast East,Belfast,134,127,137,134,112,63,67
1210015,"Ashfield Boys' High School, Belfast",Secondary,No,No,Belfast East,Belfast,157,151,152,154,147,89,89
1210021,Belfast Model School for Girls,Secondary,No,No,Belfast North,Belfast,150,194,202,182,192,75,61
1210022,Belfast Boys' Model School,Secondary,No,No,Belfast North,Belfast,194,189,206,212,170,94,68
1230053,St Louise's Comprehensive College,Secondary,No,No,Belfast West,Belfast,244,245,236,273,247,177,126
1230104,"Mercy College, Belfast",Secondary,No,No,Belfast North,Belfast,104,139,158,161,140,73,58
1230155,"St Genevieve's High School, Belfast",Secondary,No,No,Belfast West,Belfast,167,164,169,160,158,109,92
1230182,De La Salle College,Secondary,No,No,Belfast West,Belfast,120,121,154,137,112,73,66
1230275,"St Joseph's College, Belfast",Secondary,No,No,Belfast South,Belfast,159,160,163,156,146,60,54
1230321,Blessed Trinity College,Secondary,No,No,Belfast North,Belfast,206,207,205,211,235,158,122
1230324,All Saints College,Secondary,No,No,Belfast West,Belfast,138,123,139,118,139,98,40
1240291,Colaiste Feirste,Secondary,No,Yes,Belfast West,Belfast,148,178,184,156,157,109,77
1260269,"Hazelwood Integrated College, Newtownabbey",Secondary,Yes,No,Belfast North,Belfast,193,184,180,178,172,93,81
1260294,Malone Integrated College,Secondary,Yes,No,Belfast South,Belfast,150,144,147,142,122,77,36
1410079,"Grosvenor Grammar School, Belfast",Grammar,No,No,Belfast East,Belfast,177,182,179,184,177,161,148
1410270,"Wellington College, Belfast",Grammar,No,No,Belfast South,Belfast,129,125,123,123,121,97,76
1410315,"Bloomfield Collegiate School, Belfast",Grammar,No,No,Belfast East,Belfast,115,114,109,115,118,103,89
1420020,"Campbell College, Belfast",Grammar,No,No,Belfast East,Belfast,138,135,142,151,144,132,126
1420021,"St Mary's Christian Brothers Grammar School, Belfast",Grammar,No,No,Belfast West,Belfast,182,179,174,177,182,145,106
1420022,"Methodist College, Belfast",Grammar,No,No,Belfast South,Belfast,248,256,256,257,255,284,299
1420027,The Royal Belfast Academical Institution,Grammar,No,No,Belfast South,Belfast,158,152,152,169,166,144,132
1420028,Belfast Royal Academy,Grammar,No,No,Belfast North,Belfast,203,209,205,212,214,212,199
1420029,"St Dominic's High School, Belfast",Grammar,No,No,Belfast West,Belfast,146,143,142,144,168,159,160
1420030,"St Malachy's College, Belfast",Grammar,No,No,Belfast North,Belfast,177,177,182,182,208,147,147
1420082,"Dominican College, Fortwilliam",Grammar,No,No,Belfast North,Belfast,154,162,167,149,165,137,126
1420089,"Strathearn School, Belfast",Grammar,No,No,Belfast East,Belfast,123,122,121,120,122,112,105
1420095,Rathmore Grammar School,Grammar,No,No,Belfast South,Belfast,185,185,180,185,184,175,164
1420264,Victoria College,Grammar,No,No,Belfast South,Belfast,142,142,143,144,148,106,123
1420265,"Hunterhouse College, Belfast",Grammar,No,No,Belfast South,Belfast,104,106,105,110,108,113,97
1420277,"Aquinas Grammar School, Belfast",Grammar,No,No,Belfast South,Belfast,141,145,155,138,155,129,132
2210065,Castlederg High School,Secondary,No,No,West Tyrone,Derry City And Strabane,69,78,85,79,87,33,31
2210125,Omagh High School,Secondary,No,No,West Tyrone,Fermanagh And Omagh,77,65,94,84,66,45,31
2210302,Limavady High School,Secondary,No,No,East Londonderry,Causeway Coast And Glens,141,160,156,146,125,45,55
2210306,"Lisneal College, Londonderry",Secondary,No,No,Foyle,Derry City And Strabane,204,205,212,217,209,70,75
2210312,"Devenish College, Enniskillen",Secondary,No,No,Fermanagh And South Tyrone,Fermanagh And Omagh,153,152,118,125,124,45,40
2230077,"St Mary's, Limavady",Secondary,No,No,East Londonderry,Causeway Coast And Glens,77,77,118,128,95,52,36
2230081,"St Mary's College, Londonderry",Secondary,No,No,Foyle,Derry City And Strabane,134,137,137,153,138,96,78
2230099,"St Fanchea's College, Enniskillen",Secondary,No,No,Fermanagh And South Tyrone,Fermanagh And Omagh,68,61,53,66,64,13,12
2230100,"St Joseph's College, Enniskillen",Secondary,No,No,Fermanagh And South Tyrone,Fermanagh And Omagh,47,48,52,48,52,10,10
2230109,"St Mary's College, Irvinestown",Secondary,No,No,Fermanagh And South Tyrone,Fermanagh And Omagh,34,49,33,30,40,0,0
2230122,"St Patrick's & St Brigid's College, Claudy",Secondary,No,No,East Londonderry,Derry City And Strabane,81,65,104,107,108,0,0
2230131,"St Joseph's Boys' School, Creggan",Secondary,No,No,Foyle,Derry City And Strabane,130,137,143,128,107,42,37
2230138,"Dean Maguirc College, Carrickmore",Secondary,No,No,West Tyrone,Fermanagh And Omagh,107,117,106,122,122,54,48
2230144,"St Patrick's College, Dungiven",Secondary,No,No,East Londonderry,Causeway Coast And Glens,58,58,62,72,45,30,30
2230148,St John's Business and Enterprise College,Secondary,No,No,West Tyrone,Fermanagh And Omagh,23,21,22,39,25,0,0
2230166,"St Aidan's High School, Derrylin",Secondary,No,No,Fermanagh And South Tyrone,Fermanagh And Omagh,65,54,44,55,52,0,0
2230188,"St Cecilia's College, Derry",Secondary,No,No,Foyle,Derry City And Strabane,137,136,133,142,137,95,74
2230225,"St Brigid's College, Carnhill",Secondary,No,No,Foyle,Derry City And Strabane,183,155,167,150,145,59,52
2230298,"Sacred Heart College, Omagh",Secondary,No,No,West Tyrone,Fermanagh And Omagh,116,106,122,97,127,41,35
2230301,"Holy Cross College, Strabane",Secondary,No,No,West Tyrone,Derry City And Strabane,227,217,275,255,270,149,124
2230322,St Kevin's College,Secondary,No,No,Fermanagh And South Tyrone,Fermanagh And Omagh,104,115,124,115,126,87,77
2240319,Gaelcholaiste Dhoire,Secondary,No,Yes,East Londonderry,Causeway Coast And Glens,60,71,61,45,52,37,38
2260276,Oakgrove Integrated College,Secondary,Yes,No,Foyle,Derry City And Strabane,73,91,105,111,97,47,36
2260280,"Erne Integrated College, Enniskillen",Secondary,Yes,No,Fermanagh And South Tyrone,Fermanagh And Omagh,42,34,50,57,71,19,20
2260283,"Drumragh Integrated College, Omagh",Secondary,Yes,No,West Tyrone,Fermanagh And Omagh,81,78,95,88,136,62,48
2410048,Limavady Grammar School,Grammar,No,No,East Londonderry,Causeway Coast And Glens,135,139,134,132,140,90,93
2410066,Omagh Academy Grammar School,Grammar,No,No,West Tyrone,Fermanagh And Omagh,96,93,104,101,91,97,89
2410311,"Strabane Academy, Liskey Road",Grammar,No,No,West Tyrone,Derry City And Strabane,109,123,109,110,110,50,49
2420041,"Mount Lourdes Grammar School, Enniskillen",Grammar,No,No,Fermanagh And South Tyrone,Fermanagh And Omagh,100,100,97,106,98,124,125
2420043,"St Michael's College, Enniskillen",Grammar,No,No,Fermanagh And South Tyrone,Fermanagh And Omagh,105,109,105,104,101,89,94
2420052,"Thornhill College, Derry",Grammar,No,No,Foyle,Derry City And Strabane,203,181,207,208,198,188,177
2420054,"St Columb's College, Derry",Grammar,No,No,Foyle,Derry City And Strabane,158,196,208,193,211,141,110
2420064,"Christian Brothers Grammar School, Omagh",Grammar,No,No,West Tyrone,Fermanagh And Omagh,122,136,146,132,141,130,106
2420065,"Loreto Grammar School, Omagh",Grammar,No,No,West Tyrone,Fermanagh And Omagh,132,113,120,135,134,134,124
2420229,Foyle College,Grammar,No,No,Foyle,Derry City And Strabane,137,135,134,131,124,123,109
2420287,"Lumen Christi College, Derry",Grammar,No,No,Foyle,Derry City And Strabane,124,125,127,125,126,125,110
2420320,"Enniskillen Royal Grammar School, Cooper Crescent",Grammar,No,No,Fermanagh And South Tyrone,Fermanagh And Omagh,134,140,135,144,149,129,135
3210035,Magherafelt High School,Secondary,No,No,Mid Ulster,Mid Ulster,106,109,107,122,120,47,37
3210038,Larne High School,Secondary,No,No,East Antrim,Mid And East Antrim,135,128,137,125,101,95,112
3210124,Ballycastle High School,Secondary,No,No,North Antrim,Causeway Coast And Glens,65,67,52,68,73,30,34
3210133,Ballymoney High School,Secondary,No,No,North Antrim,Causeway Coast And Glens,140,139,141,153,136,39,48
3210134,Ballyclare Secondary School,Secondary,No,No,South Antrim,Antrim And Newtownabbey,194,196,179,190,185,38,54
3210172,Cullybackey College,Secondary,No,No,North Antrim,Mid And East Antrim,110,114,119,126,105,45,43
3210208,"Dunclug College, Ballymena",Secondary,No,No,North Antrim,Mid And East Antrim,156,153,154,158,160,56,56
3210222,Dunluce School,Secondary,No,No,North Antrim,Causeway Coast And Glens,11,15,43,45,32,0,0
3210300,Coleraine College,Secondary,No,No,East Londonderry,Causeway Coast And Glens,67,70,84,63,82,0,0
3210313,"Abbey Community College, Newtownabbey",Secondary,No,No,East Antrim,Antrim And Newtownabbey,139,151,158,160,150,48,51
3210323,Carrickfergus Academy,Secondary,No,No,East Antrim,Mid And East Antrim,128,143,192,164,174,55,53
3230075,"Our Lady of Lourdes High School, Ballymoney",Secondary,No,No,North Antrim,Causeway Coast And Glens,83,80,82,79,89,0,0
3230084,"St Patrick's College, Ballymena",Secondary,No,No,North Antrim,Mid And East Antrim,46,70,65,80,95,22,24
3230132,"St Colm's High School, Draperstown",Secondary,No,No,Mid Ulster,Mid Ulster,33,53,70,108,69,31,19
3230168,"St Pius X College, Magherafelt",Secondary,No,No,Mid Ulster,Mid Ulster,181,206,172,180,164,122,106
3230203,"Edmund Rice, Newtownabbey",Secondary,No,No,Belfast North,Antrim And Newtownabbey,120,138,143,148,126,74,68
3230227,Cross & Passion College,Secondary,No,No,North Antrim,Causeway Coast And Glens,154,151,140,139,133,81,80
3230234,"St Patrick's College, Maghera",Secondary,No,No,Mid Ulster,Mid Ulster,219,208,207,216,215,174,150
3230308,"St Benedicts College, Randalstown",Secondary,No,No,South Antrim,Antrim And Newtownabbey,67,48,78,98,81,0,0
3230310,"St Killian's College, Garron Tower Campus",Secondary,No,No,East Antrim,Mid And East Antrim,122,125,128,134,129,69,71
3230318,"St Conor's College, Kilrea-Clady",Secondary,No,No,Mid Ulster,Mid Ulster,82,105,84,101,88,53,48
3250149,Crumlin Integrated College,Secondary,Yes,No,South Antrim,Antrim And Newtownabbey,38,41,57,60,56,0,0
3250202,"Integrated College, Glengormley",Secondary,Yes,No,Belfast North,Antrim And Newtownabbey,215,215,244,243,218,57,21
3250207,Parkhall Integrated College,Secondary,Yes,No,South Antrim,Antrim And Newtownabbey,188,186,181,169,172,74,74
3260289,"Slemish Integrated College, Ballymena",Secondary,Yes,No,North Antrim,Mid And East Antrim,183,178,172,187,159,97,100
3260290,North Coast Integrated College,Secondary,Yes,No,East Londonderry,Causeway Coast And Glens,49,55,68,70,49,26,29
3260299,Ulidia Integrated College,Secondary,Yes,No,East Antrim,Mid And East Antrim,146,131,121,121,108,64,66
3260303,"Sperrin Integrated College, Magherafelt",Secondary,Yes,No,Mid Ulster,Mid Ulster,154,148,126,131,104,53,43
3410008,Ballyclare High School,Grammar,No,No,South Antrim,Antrim And Newtownabbey,189,190,189,189,196,150,144
3410098,Carrickfergus Grammar School,Grammar,No,No,East Antrim,Mid And East Antrim,119,118,121,115,113,94,81
3410209,Antrim Grammar School,Grammar,No,No,South Antrim,Antrim And Newtownabbey,118,116,118,115,138,122,106
3410297,"Cambridge House Grammar School, Ballymena",Grammar,No,No,North Antrim,Mid And East Antrim,142,140,140,138,138,112,103
3420010,"St Louis' Grammar, Ballymena",Grammar,No,No,North Antrim,Mid And East Antrim,157,183,163,181,169,176,171
3420011,Ballymena Academy,Grammar,No,No,North Antrim,Mid And East Antrim,176,180,177,177,198,162,158
3420012,Dalriada Grammar,Grammar,No,No,North Antrim,Causeway Coast And Glens,133,131,131,136,137,109,123
3420034,"Loreto College, Coleraine",Grammar,No,No,East Londonderry,Causeway Coast And Glens,167,167,160,158,163,97,84
3420046,Larne Grammar,Grammar,No,No,East Antrim,Mid And East Antrim,112,114,113,115,116,86,91
3420058,Rainey Endowed Grammar,Grammar,No,No,Mid Ulster,Mid Ulster,103,116,110,104,120,104,119
3420068,"Dominican College, Portstewart",Grammar,No,No,East Londonderry,Causeway Coast And Glens,106,97,103,107,95,88,80
3420077,Belfast High School,Grammar,No,No,East Antrim,Antrim And Newtownabbey,144,142,143,135,159,128,121
3420080,"St Mary's Grammar, Magherafelt",Grammar,No,No,Mid Ulster,Mid Ulster,178,166,163,154,177,166,152
3420317,Coleraine Grammar School,Grammar,No,No,East Londonderry,Causeway Coast And Glens,159,155,156,159,148,137,112
4210012,Movilla High School,Secondary,No,No,Strangford,Ards And North Down,128,109,145,141,117,0,0
4210029,The High School Ballynahinch,Secondary,No,No,Strangford,"Newry, Mourne And Down",52,70,76,96,85,0,0
4210045,"Nendrum College, Newtownards",Secondary,No,No,Strangford,Ards And North Down,97,92,113,86,82,0,0
4210046,"Glastry College, Newtownards",Secondary,No,No,Strangford,Ards And North Down,119,101,107,117,95,38,50
4210051,"Lisnagarvey High School, Lisburn",Secondary,No,No,Lagan Valley,Lisburn And Castlereagh,117,110,109,110,106,31,31
4210063,Saintfield High School,Secondary,No,No,Strangford,"Newry, Mourne And Down",109,99,97,99,72,0,0
4210201,"Laurelhill Community College, Lisburn",Secondary,No,No,Lagan Valley,Lisburn And Castlereagh,154,186,191,185,163,44,36
4210262,Dundonald High School,Secondary,No,No,Belfast East,Lisburn And Castlereagh,75,97,119,132,127,0,0
4210296,Bangor Academy & Sixth Form College,Secondary,No,No,North Down,Ards And North Down,292,286,283,303,292,196,215
4210316,Breda Academy,Secondary,No,No,Belfast South,Lisburn And Castlereagh,131,123,160,138,113,97,87
4230067,St Columba's College,Secondary,No,No,Strangford,Ards And North Down,40,20,39,37,34,0,0
4230102,St Colmcille's High School,Secondary,No,No,South Down,"Newry, Mourne And Down",76,56,86,66,64,0,0
4230107,St Columbanus' College,Secondary,No,No,North Down,Ards And North Down,124,141,137,140,140,77,46
4230161,St Colman's High & Sixth Form College Ballynahinch,Secondary,No,No,Strangford,"Newry, Mourne And Down",87,75,94,102,79,82,58
4230165,"St Patrick's Academy, Lisburn",Secondary,No,No,Lagan Valley,Lisburn And Castlereagh,86,93,116,113,112,29,11
4230211,"St Malachy's High School, Castlewellan",Secondary,No,No,South Down,"Newry, Mourne And Down",189,193,180,144,170,106,69
4230223,"St Colm's High School, Belfast",Secondary,No,No,Belfast West,Belfast,121,139,139,132,121,47,28
4250024,"Priory Integrated College, Holywood",Secondary,Yes,No,North Down,Ards And North Down,141,135,122,137,118,31,28
4250072,"Fort Hill Integrated College, Lisburn",Secondary,Yes,No,Lagan Valley,Lisburn And Castlereagh,123,110,154,174,171,49,52
4260255,"Lagan College, Belfast",Secondary,Yes,No,Strangford,Lisburn And Castlereagh,243,234,235,229,220,160,151
4260281,"Shimna Integrated College, Newcastle",Secondary,Yes,No,South Down,"Newry, Mourne And Down",109,110,116,101,106,77,59
4260295,"Strangford Integrated College, Newtownards",Secondary,Yes,No,Strangford,Ards And North Down,147,141,138,143,140,63,61
4260309,"Blackwater Integrated College, Downpatrick",Secondary,Yes,No,South Down,"Newry, Mourne And Down",56,64,69,55,42,0,0
4410063,Regent House Grammar,Grammar,No,No,Strangford,Ards And North Down,217,213,214,215,215,210,200
4410085,Down High School,Grammar,No,No,South Down,"Newry, Mourne And Down",133,139,136,136,137,142,138
4410097,"Glenlola Collegiate, Bangor",Grammar,No,No,North Down,Ards And North Down,157,155,157,162,156,115,116
4420015,Bangor Grammar School,Grammar,No,No,North Down,Ards And North Down,142,143,145,144,156,113,105
4420044,"Sullivan Upper School, Holywood",Grammar,No,No,North Down,Ards And North Down,151,154,156,159,156,149,153
4420050,"Friends' School, Lisburn",Grammar,No,No,Lagan Valley,Lisburn And Castlereagh,175,168,166,159,146,144,135
4420051,"Wallace High School, Lisburn",Grammar,No,No,Lagan Valley,Lisburn And Castlereagh,182,182,182,174,179,148,142
4420086,"Assumption Grammar School, Ballynahinch",Grammar,No,No,Strangford,"Newry, Mourne And Down",136,139,141,122,148,131,130
4420259,"Our Lady & St Patrick's College, Belfast",Grammar,No,No,Belfast East,Belfast,194,213,199,215,224,189,187
4420325,Lecale Trinity Grammar School,Grammar,No,No,South Down,"Newry, Mourne And Down",205,227,224,241,253,178,156
5210016,Kilkeel High School,Secondary,No,No,South Down,"Newry, Mourne And Down",138,120,116,131,124,64,69
5210025,Newtownhamilton High School,Secondary,No,No,Newry And Armagh,"Newry, Mourne And Down",41,43,37,55,41,0,0
5210043,Clounagh Junior High School,Secondary,No,No,Upper Bann,"Armagh City, Banbridge And Craigavon",214,224,239,9,9,0,0
5210047,Banbridge High School,Secondary,No,No,Upper Bann,"Armagh City, Banbridge And Craigavon",110,143,151,135,152,24,42
5210054,"Killicomaine Junior High School, Portadown",Secondary,No,No,Upper Bann,"Armagh City, Banbridge And Craigavon",202,195,216,0,0,0,0
5210064,Dromore High School,Secondary,No,No,Lagan Valley,"Armagh City, Banbridge And Craigavon",173,174,169,171,161,126,114
5210083,Markethill High School,Secondary,No,No,Newry And Armagh,"Armagh City, Banbridge And Craigavon",103,107,110,99,104,0,0
5210097,Fivemiletown College,Secondary,No,No,Fermanagh And South Tyrone,Mid Ulster,58,66,69,69,78,24,20
5210121,City of Armagh High School,Secondary,No,No,Newry And Armagh,"Armagh City, Banbridge And Craigavon",64,52,86,89,87,0,0
5210127,Rathfriland High School,Secondary,No,No,South Down,"Armagh City, Banbridge And Craigavon",69,79,81,77,74,0,0
5210143,Tandragee Junior High,Secondary,No,No,Newry And Armagh,"Armagh City, Banbridge And Craigavon",94,115,112,2,3,0,0
5210153,Aughnacloy College,Secondary,No,No,Fermanagh And South Tyrone,Mid Ulster,53,53,49,40,42,0,0
5210186,Newry High School,Secondary,No,No,Newry And Armagh,"Newry, Mourne And Down",61,66,73,97,82,30,25
5210230,Cookstown High School,Secondary,No,No,Mid Ulster,Mid Ulster,167,144,136,161,148,85,56
5210231,"Drumglass High School, Dungannon",Secondary,No,No,Fermanagh And South Tyrone,Mid Ulster,60,84,78,88,60,0,0
5210271,Lurgan Junior High School,Secondary,No,No,Upper Bann,"Armagh City, Banbridge And Craigavon",228,244,236,0,0,0,0
5210282,"Craigavon Senior High School, Portadown",Secondary,No,No,Upper Bann,"Armagh City, Banbridge And Craigavon",0,0,0,387,350,0,0
5230056,"St Joseph's Boys' High School, Newry",Secondary,No,No,Newry And Armagh,"Newry, Mourne And Down",97,67,85,64,92,0,0
5230076,"St Patrick's College, Banbridge",Secondary,No,No,Upper Bann,"Armagh City, Banbridge And Craigavon",124,140,123,128,120,59,53
5230108,"St Mary's High School, Newry",Secondary,No,No,Newry And Armagh,"Newry, Mourne And Down",74,102,95,99,86,57,65
5230135,"St Mark's High School, Warrenpoint",Secondary,No,No,South Down,"Newry, Mourne And Down",198,195,184,171,180,115,88
5230152,St Ciaran's College,Secondary,No,No,Fermanagh And South Tyrone,Mid Ulster,158,161,152,138,134,66,75
5230157,"St Paul's High School, Bessbrook",Secondary,No,No,Newry And Armagh,"Newry, Mourne And Down",321,285,306,284,278,167,164
5230167,"St Joseph's High School, Crossmaglen",Secondary,No,No,Newry And Armagh,"Newry, Mourne And Down",168,156,164,117,139,77,69
5230187,"St Patrick's High School, Keady",Secondary,No,No,Newry And Armagh,"Armagh City, Banbridge And Craigavon",169,183,165,170,174,98,96
5230192,"St Joseph's College, Coalisland",Secondary,No,No,Mid Ulster,Mid Ulster,111,117,90,91,93,0,0
5230213,"Lismore College, Drumgask",Secondary,No,No,Upper Bann,"Armagh City, Banbridge And Craigavon",238,229,230,223,198,111,100
5230218,"St Catherine's College, Armagh",Secondary,No,No,Newry And Armagh,"Armagh City, Banbridge And Craigavon",210,222,198,206,175,131,119
5230278,"Holy Trinity College, Cookstown",Secondary,No,No,Mid Ulster,Mid Ulster,160,157,146,209,153,119,71
5230293,"St Patrick's College, Dungannon",Secondary,No,No,Fermanagh And South Tyrone,Mid Ulster,160,148,132,142,125,94,87
5230321,"St John the Baptist's College, Portadown",Secondary,No,No,Upper Bann,"Armagh City, Banbridge And Craigavon",115,129,106,107,106,0,0
5250216,Craigavon Integrated College,Secondary,Yes,No,Upper Bann,"Armagh City, Banbridge And Craigavon",54,63,86,90,93,0,0
5260285,New-Bridge Integrated College,Secondary,Yes,No,Upper Bann,"Armagh City, Banbridge And Craigavon",113,125,106,124,108,64,58
5260286,Integrated College Dungannon,Secondary,Yes,No,Fermanagh And South Tyrone,Mid Ulster,117,116,121,116,140,75,82
5410013,Banbridge Academy,Grammar,No,No,Upper Bann,"Armagh City, Banbridge And Craigavon",194,201,199,200,200,211,144
5410057,Lurgan College,Grammar,No,No,Upper Bann,"Armagh City, Banbridge And Craigavon",0,0,0,127,127,114,104
5410067,Portadown College,Grammar,No,No,Upper Bann,"Armagh City, Banbridge And Craigavon",0,0,0,226,221,177,183
5420045,"St Louis Grammar, Kilkeel",Grammar,No,No,South Down,"Newry, Mourne And Down",119,98,97,128,111,77,73
5420059,"Abbey Christian Brothers Grammar, Newry",Grammar,No,No,South Down,"Newry, Mourne And Down",128,131,138,138,128,128,141
5420060,"Our Lady's Grammar School, Newry",Grammar,No,No,Newry And Armagh,"Newry, Mourne And Down",121,108,121,158,155,140,120
5420062,St Colman's College - Newry,Grammar,No,No,Newry And Armagh,"Newry, Mourne And Down",131,125,136,131,152,109,121
5420073,St Joseph's Grammar School,Grammar,No,No,Mid Ulster,Mid Ulster,129,143,142,151,159,144,100
5420076,"Sacred Heart Grammar School, Newry",Grammar,No,No,South Down,"Newry, Mourne And Down",121,120,120,158,120,113,121
5420260,"The Royal School, Dungannon",Grammar,No,No,Fermanagh And South Tyrone,Mid Ulster,101,105,105,109,104,78,90
5420263,"The Royal School, Armagh",Grammar,No,No,Newry And Armagh,"Armagh City, Banbridge And Craigavon",102,102,104,112,106,134,148
5420268,"St Patrick's Grammar School, Armagh",Grammar,No,No,Newry And Armagh,"Armagh City, Banbridge And Craigavon",124,130,141,139,133,71,77
5420304,"St Patrick's Academy, Dungannon",Grammar,No,No,Fermanagh And South Tyrone,Mid Ulster,193,225,216,201,226,212,202
5420314,"St Ronan's College, Lurgan",Grammar,No,No,Upper Bann,"Armagh City, Banbridge And Craigavon",287,295,282,267,266,196,195
